use service_bazaar;
delete from users;
delete from buyer;
delete from buyervendors;
delete from vendors;
	
insert into users values("aamod","aamod",15,70,"aamod","1993-01-01","aamod@cse.iitb.ac.in");
insert into buyers values("aamod","aamod",15,70,"aamod","1993-01-01","aamod@cse.iitb.ac.in");
insert into vendors values("aamod","aamod",15,70,"aamod","1993-01-01","aamod@cse.iitb.ac.in",4.5);
insert into buyervendors values("aamod","aamod",15,70,"aamod","1993-01-01","aamod@cse.iitb.ac.in",4.5);
insert into users values("abhishekgupta","abhishekgupta",15.1,70.1,"abhishekgupta","1993-01-02","abhishekgupta@cse.iitb.ac.in");
insert into buyers values("abhishekgupta","abhishekgupta",15.1,70.1,"abhishekgupta","1993-01-02","abhishekgupta@cse.iitb.ac.in");
insert into vendors values("abhishekgupta","abhishekgupta",15.1,70.1,"abhishekgupta","1993-01-02","abhishekgupta@cse.iitb.ac.in",4.5);
insert into buyervendors values("abhishekgupta","abhishekgupta",15.1,70.1,"abhishekgupta","1993-01-02","abhishekgupta@cse.iitb.ac.in",4.5);
insert into users values("adityaraj","adityaraj",15.2,70.2,"adityaraj","1993-01-03","adityaraj@cse.iitb.ac.in");
insert into buyers values("adityaraj","adityaraj",15.2,70.2,"adityaraj","1993-01-03","adityaraj@cse.iitb.ac.in");
insert into vendors values("adityaraj","adityaraj",15.2,70.2,"adityaraj","1993-01-03","adityaraj@cse.iitb.ac.in",4.5);
insert into buyervendors values("adityaraj","adityaraj",15.2,70.2,"adityaraj","1993-01-03","adityaraj@cse.iitb.ac.in",4.5);
insert into users values("adluke","adluke",15.3,70.3,"adluke","1993-01-04","adluke@cse.iitb.ac.in");
insert into buyers values("adluke","adluke",15.3,70.3,"adluke","1993-01-04","adluke@cse.iitb.ac.in");
insert into vendors values("adluke","adluke",15.3,70.3,"adluke","1993-01-04","adluke@cse.iitb.ac.in",4.5);
insert into buyervendors values("adluke","adluke",15.3,70.3,"adluke","1993-01-04","adluke@cse.iitb.ac.in",4.5);
insert into users values("anandsoni","anandsoni",15.4,70.4,"anandsoni","1993-01-05","anandsoni@cse.iitb.ac.in");
insert into buyers values("anandsoni","anandsoni",15.4,70.4,"anandsoni","1993-01-05","anandsoni@cse.iitb.ac.in");
insert into vendors values("anandsoni","anandsoni",15.4,70.4,"anandsoni","1993-01-05","anandsoni@cse.iitb.ac.in",4.5);
insert into buyervendors values("anandsoni","anandsoni",15.4,70.4,"anandsoni","1993-01-05","anandsoni@cse.iitb.ac.in",4.5);
insert into users values("anmolgarg","anmolgarg",15.5,70.5,"anmolgarg","1993-01-06","anmolgarg@cse.iitb.ac.in");
insert into buyers values("anmolgarg","anmolgarg",15.5,70.5,"anmolgarg","1993-01-06","anmolgarg@cse.iitb.ac.in");
insert into vendors values("anmolgarg","anmolgarg",15.5,70.5,"anmolgarg","1993-01-06","anmolgarg@cse.iitb.ac.in",4.5);
insert into buyervendors values("anmolgarg","anmolgarg",15.5,70.5,"anmolgarg","1993-01-06","anmolgarg@cse.iitb.ac.in",4.5);
insert into users values("anshulp","anshulp",15.6,70.6,"anshulp","1993-01-07","anshulp@cse.iitb.ac.in");
insert into buyers values("anshulp","anshulp",15.6,70.6,"anshulp","1993-01-07","anshulp@cse.iitb.ac.in");
insert into vendors values("anshulp","anshulp",15.6,70.6,"anshulp","1993-01-07","anshulp@cse.iitb.ac.in",4.5);
insert into buyervendors values("anshulp","anshulp",15.6,70.6,"anshulp","1993-01-07","anshulp@cse.iitb.ac.in",4.5);
insert into users values("arunp","arunp",15.7,70.7,"arunp","1993-01-08","arunp@cse.iitb.ac.in");
insert into buyers values("arunp","arunp",15.7,70.7,"arunp","1993-01-08","arunp@cse.iitb.ac.in");
insert into vendors values("arunp","arunp",15.7,70.7,"arunp","1993-01-08","arunp@cse.iitb.ac.in",4.5);
insert into buyervendors values("arunp","arunp",15.7,70.7,"arunp","1993-01-08","arunp@cse.iitb.ac.in",4.5);
insert into users values("ashishsonone","ashishsonone",15.8,70.8,"ashishsonone","1993-01-09","ashishsonone@cse.iitb.ac.in");
insert into buyers values("ashishsonone","ashishsonone",15.8,70.8,"ashishsonone","1993-01-09","ashishsonone@cse.iitb.ac.in");
insert into vendors values("ashishsonone","ashishsonone",15.8,70.8,"ashishsonone","1993-01-09","ashishsonone@cse.iitb.ac.in",4.5);
insert into buyervendors values("ashishsonone","ashishsonone",15.8,70.8,"ashishsonone","1993-01-09","ashishsonone@cse.iitb.ac.in",4.5);
insert into users values("ashu","ashu",15.9,70.9,"ashu","1993-01-10","ashu@cse.iitb.ac.in");
insert into buyers values("ashu","ashu",15.9,70.9,"ashu","1993-01-10","ashu@cse.iitb.ac.in");
insert into vendors values("ashu","ashu",15.9,70.9,"ashu","1993-01-10","ashu@cse.iitb.ac.in",4.5);
insert into buyervendors values("ashu","ashu",15.9,70.9,"ashu","1993-01-10","ashu@cse.iitb.ac.in",4.5);
insert into users values("astha","astha",16,71,"astha","1993-01-11","astha@cse.iitb.ac.in");
insert into buyers values("astha","astha",16,71,"astha","1993-01-11","astha@cse.iitb.ac.in");
insert into vendors values("astha","astha",16,71,"astha","1993-01-11","astha@cse.iitb.ac.in",4.5);
insert into buyervendors values("astha","astha",16,71,"astha","1993-01-11","astha@cse.iitb.ac.in",4.5);
insert into users values("avneesh","avneesh",16.1,71.1,"avneesh","1993-01-12","avneesh@cse.iitb.ac.in");
insert into buyers values("avneesh","avneesh",16.1,71.1,"avneesh","1993-01-12","avneesh@cse.iitb.ac.in");
insert into vendors values("avneesh","avneesh",16.1,71.1,"avneesh","1993-01-12","avneesh@cse.iitb.ac.in",4.5);
insert into buyervendors values("avneesh","avneesh",16.1,71.1,"avneesh","1993-01-12","avneesh@cse.iitb.ac.in",4.5);
insert into users values("bhargava","bhargava",16.2,71.2,"bhargava","1993-01-13","bhargava@cse.iitb.ac.in");
insert into buyers values("bhargava","bhargava",16.2,71.2,"bhargava","1993-01-13","bhargava@cse.iitb.ac.in");
insert into vendors values("bhargava","bhargava",16.2,71.2,"bhargava","1993-01-13","bhargava@cse.iitb.ac.in",4.5);
insert into buyervendors values("bhargava","bhargava",16.2,71.2,"bhargava","1993-01-13","bhargava@cse.iitb.ac.in",4.5);
insert into users values("brk","brk",16.3,71.3,"brk","1993-01-14","brk@cse.iitb.ac.in");
insert into buyers values("brk","brk",16.3,71.3,"brk","1993-01-14","brk@cse.iitb.ac.in");
insert into vendors values("brk","brk",16.3,71.3,"brk","1993-01-14","brk@cse.iitb.ac.in",4.5);
insert into buyervendors values("brk","brk",16.3,71.3,"brk","1993-01-14","brk@cse.iitb.ac.in",4.5);
insert into users values("bubbu","bubbu",16.4,71.4,"bubbu","1993-01-15","bubbu@cse.iitb.ac.in");
insert into buyers values("bubbu","bubbu",16.4,71.4,"bubbu","1993-01-15","bubbu@cse.iitb.ac.in");
insert into vendors values("bubbu","bubbu",16.4,71.4,"bubbu","1993-01-15","bubbu@cse.iitb.ac.in",4.5);
insert into buyervendors values("bubbu","bubbu",16.4,71.4,"bubbu","1993-01-15","bubbu@cse.iitb.ac.in",4.5);
insert into users values("charanteja","charanteja",16.5,71.5,"charanteja","1993-01-16","charanteja@cse.iitb.ac.in");
insert into buyers values("charanteja","charanteja",16.5,71.5,"charanteja","1993-01-16","charanteja@cse.iitb.ac.in");
insert into vendors values("charanteja","charanteja",16.5,71.5,"charanteja","1993-01-16","charanteja@cse.iitb.ac.in",4.5);
insert into buyervendors values("charanteja","charanteja",16.5,71.5,"charanteja","1993-01-16","charanteja@cse.iitb.ac.in",4.5);
insert into users values("deepali","deepali",16.6,71.6,"deepali","1993-01-17","deepali@cse.iitb.ac.in");
insert into buyers values("deepali","deepali",16.6,71.6,"deepali","1993-01-17","deepali@cse.iitb.ac.in");
insert into vendors values("deepali","deepali",16.6,71.6,"deepali","1993-01-17","deepali@cse.iitb.ac.in",4.5);
insert into buyervendors values("deepali","deepali",16.6,71.6,"deepali","1993-01-17","deepali@cse.iitb.ac.in",4.5);
insert into users values("devn","devn",16.7,71.7,"devn","1993-01-18","devn@cse.iitb.ac.in");
insert into buyers values("devn","devn",16.7,71.7,"devn","1993-01-18","devn@cse.iitb.ac.in");
insert into vendors values("devn","devn",16.7,71.7,"devn","1993-01-18","devn@cse.iitb.ac.in",4.5);
insert into buyervendors values("devn","devn",16.7,71.7,"devn","1993-01-18","devn@cse.iitb.ac.in",4.5);
insert into users values("dhanesh","dhanesh",16.8,71.8,"dhanesh","1993-01-19","dhanesh@cse.iitb.ac.in");
insert into buyers values("dhanesh","dhanesh",16.8,71.8,"dhanesh","1993-01-19","dhanesh@cse.iitb.ac.in");
insert into vendors values("dhanesh","dhanesh",16.8,71.8,"dhanesh","1993-01-19","dhanesh@cse.iitb.ac.in",4.5);
insert into buyervendors values("dhanesh","dhanesh",16.8,71.8,"dhanesh","1993-01-19","dhanesh@cse.iitb.ac.in",4.5);
insert into users values("divyambansal","divyambansal",16.9,71.9,"divyambansal","1993-01-20","divyambansal@cse.iitb.ac.in");
insert into buyers values("divyambansal","divyambansal",16.9,71.9,"divyambansal","1993-01-20","divyambansal@cse.iitb.ac.in");
insert into vendors values("divyambansal","divyambansal",16.9,71.9,"divyambansal","1993-01-20","divyambansal@cse.iitb.ac.in",4.5);
insert into buyervendors values("divyambansal","divyambansal",16.9,71.9,"divyambansal","1993-01-20","divyambansal@cse.iitb.ac.in",4.5);
insert into users values("geniussm","geniussm",17,72,"geniussm","1993-01-21","geniussm@cse.iitb.ac.in");
insert into buyers values("geniussm","geniussm",17,72,"geniussm","1993-01-21","geniussm@cse.iitb.ac.in");
insert into vendors values("geniussm","geniussm",17,72,"geniussm","1993-01-21","geniussm@cse.iitb.ac.in",4.5);
insert into buyervendors values("geniussm","geniussm",17,72,"geniussm","1993-01-21","geniussm@cse.iitb.ac.in",4.5);
insert into users values("gmridul","gmridul",17.1,72.1,"gmridul","1993-01-22","gmridul@cse.iitb.ac.in");
insert into buyers values("gmridul","gmridul",17.1,72.1,"gmridul","1993-01-22","gmridul@cse.iitb.ac.in");
insert into vendors values("gmridul","gmridul",17.1,72.1,"gmridul","1993-01-22","gmridul@cse.iitb.ac.in",4.5);
insert into buyervendors values("gmridul","gmridul",17.1,72.1,"gmridul","1993-01-22","gmridul@cse.iitb.ac.in",4.5);
insert into users values("gunaprsd","gunaprsd",17.2,72.2,"gunaprsd","1993-01-23","gunaprsd@cse.iitb.ac.in");
insert into buyers values("gunaprsd","gunaprsd",17.2,72.2,"gunaprsd","1993-01-23","gunaprsd@cse.iitb.ac.in");
insert into vendors values("gunaprsd","gunaprsd",17.2,72.2,"gunaprsd","1993-01-23","gunaprsd@cse.iitb.ac.in",4.5);
insert into buyervendors values("gunaprsd","gunaprsd",17.2,72.2,"gunaprsd","1993-01-23","gunaprsd@cse.iitb.ac.in",4.5);
insert into users values("hardik","hardik",17.3,72.3,"hardik","1993-01-24","hardik@cse.iitb.ac.in");
insert into buyers values("hardik","hardik",17.3,72.3,"hardik","1993-01-24","hardik@cse.iitb.ac.in");
insert into vendors values("hardik","hardik",17.3,72.3,"hardik","1993-01-24","hardik@cse.iitb.ac.in",4.5);
insert into buyervendors values("hardik","hardik",17.3,72.3,"hardik","1993-01-24","hardik@cse.iitb.ac.in",4.5);
insert into users values("harshavardhan","harshavardhan",17.4,72.4,"harshavardhan","1993-01-25","harshavardhan@cse.iitb.ac.in");
insert into buyers values("harshavardhan","harshavardhan",17.4,72.4,"harshavardhan","1993-01-25","harshavardhan@cse.iitb.ac.in");
insert into vendors values("harshavardhan","harshavardhan",17.4,72.4,"harshavardhan","1993-01-25","harshavardhan@cse.iitb.ac.in",4.5);
insert into buyervendors values("harshavardhan","harshavardhan",17.4,72.4,"harshavardhan","1993-01-25","harshavardhan@cse.iitb.ac.in",4.5);
insert into users values("himanshuroy","himanshuroy",17.5,72.5,"himanshuroy","1993-01-26","himanshuroy@cse.iitb.ac.in");
insert into buyers values("himanshuroy","himanshuroy",17.5,72.5,"himanshuroy","1993-01-26","himanshuroy@cse.iitb.ac.in");
insert into vendors values("himanshuroy","himanshuroy",17.5,72.5,"himanshuroy","1993-01-26","himanshuroy@cse.iitb.ac.in",4.5);
insert into buyervendors values("himanshuroy","himanshuroy",17.5,72.5,"himanshuroy","1993-01-26","himanshuroy@cse.iitb.ac.in",4.5);
insert into users values("jangavarun","jangavarun",17.6,72.6,"jangavarun","1993-01-27","jangavarun@cse.iitb.ac.in");
insert into buyers values("jangavarun","jangavarun",17.6,72.6,"jangavarun","1993-01-27","jangavarun@cse.iitb.ac.in");
insert into vendors values("jangavarun","jangavarun",17.6,72.6,"jangavarun","1993-01-27","jangavarun@cse.iitb.ac.in",4.5);
insert into buyervendors values("jangavarun","jangavarun",17.6,72.6,"jangavarun","1993-01-27","jangavarun@cse.iitb.ac.in",4.5);
insert into users values("jaswantkumar","jaswantkumar",17.7,72.7,"jaswantkumar","1993-01-28","jaswantkumar@cse.iitb.ac.in");
insert into buyers values("jaswantkumar","jaswantkumar",17.7,72.7,"jaswantkumar","1993-01-28","jaswantkumar@cse.iitb.ac.in");
insert into vendors values("jaswantkumar","jaswantkumar",17.7,72.7,"jaswantkumar","1993-01-28","jaswantkumar@cse.iitb.ac.in",4.5);
insert into buyervendors values("jaswantkumar","jaswantkumar",17.7,72.7,"jaswantkumar","1993-01-28","jaswantkumar@cse.iitb.ac.in",4.5);
insert into users values("jeevanlal","jeevanlal",17.8,72.8,"jeevanlal","1993-01-29","jeevanlal@cse.iitb.ac.in");
insert into buyers values("jeevanlal","jeevanlal",17.8,72.8,"jeevanlal","1993-01-29","jeevanlal@cse.iitb.ac.in");
insert into vendors values("jeevanlal","jeevanlal",17.8,72.8,"jeevanlal","1993-01-29","jeevanlal@cse.iitb.ac.in",4.5);
insert into buyervendors values("jeevanlal","jeevanlal",17.8,72.8,"jeevanlal","1993-01-29","jeevanlal@cse.iitb.ac.in",4.5);
insert into users values("kandarp","kandarp",17.9,72.9,"kandarp","1993-01-30","kandarp@cse.iitb.ac.in");
insert into buyers values("kandarp","kandarp",17.9,72.9,"kandarp","1993-01-30","kandarp@cse.iitb.ac.in");
insert into vendors values("kandarp","kandarp",17.9,72.9,"kandarp","1993-01-30","kandarp@cse.iitb.ac.in",4.5);
insert into buyervendors values("kandarp","kandarp",17.9,72.9,"kandarp","1993-01-30","kandarp@cse.iitb.ac.in",4.5);
insert into users values("kartikpranav","kartikpranav",18,73,"kartikpranav","1993-01-31","kartikpranav@cse.iitb.ac.in");
insert into buyers values("kartikpranav","kartikpranav",18,73,"kartikpranav","1993-01-31","kartikpranav@cse.iitb.ac.in");
insert into vendors values("kartikpranav","kartikpranav",18,73,"kartikpranav","1993-01-31","kartikpranav@cse.iitb.ac.in",4.5);
insert into buyervendors values("kartikpranav","kartikpranav",18,73,"kartikpranav","1993-01-31","kartikpranav@cse.iitb.ac.in",4.5);
insert into users values("kirankmr","kirankmr",18.1,73.1,"kirankmr","1993-02-01","kirankmr@cse.iitb.ac.in");
insert into buyers values("kirankmr","kirankmr",18.1,73.1,"kirankmr","1993-02-01","kirankmr@cse.iitb.ac.in");
insert into vendors values("kirankmr","kirankmr",18.1,73.1,"kirankmr","1993-02-01","kirankmr@cse.iitb.ac.in",4.5);
insert into buyervendors values("kirankmr","kirankmr",18.1,73.1,"kirankmr","1993-02-01","kirankmr@cse.iitb.ac.in",4.5);
insert into users values("kkshitijs","kkshitijs",18.2,73.2,"kkshitijs","1993-02-02","kkshitijs@cse.iitb.ac.in");
insert into buyers values("kkshitijs","kkshitijs",18.2,73.2,"kkshitijs","1993-02-02","kkshitijs@cse.iitb.ac.in");
insert into vendors values("kkshitijs","kkshitijs",18.2,73.2,"kkshitijs","1993-02-02","kkshitijs@cse.iitb.ac.in",4.5);
insert into buyervendors values("kkshitijs","kkshitijs",18.2,73.2,"kkshitijs","1993-02-02","kkshitijs@cse.iitb.ac.in",4.5);
insert into users values("krsrk","krsrk",18.3,73.3,"krsrk","1993-02-03","krsrk@cse.iitb.ac.in");
insert into buyers values("krsrk","krsrk",18.3,73.3,"krsrk","1993-02-03","krsrk@cse.iitb.ac.in");
insert into vendors values("krsrk","krsrk",18.3,73.3,"krsrk","1993-02-03","krsrk@cse.iitb.ac.in",4.5);
insert into buyervendors values("krsrk","krsrk",18.3,73.3,"krsrk","1993-02-03","krsrk@cse.iitb.ac.in",4.5);
insert into users values("kumar","kumar",18.4,73.4,"kumar","1993-02-04","kumar@cse.iitb.ac.in");
insert into buyers values("kumar","kumar",18.4,73.4,"kumar","1993-02-04","kumar@cse.iitb.ac.in");
insert into vendors values("kumar","kumar",18.4,73.4,"kumar","1993-02-04","kumar@cse.iitb.ac.in",4.5);
insert into buyervendors values("kumar","kumar",18.4,73.4,"kumar","1993-02-04","kumar@cse.iitb.ac.in",4.5);
insert into users values("kumarayush","kumarayush",18.5,73.5,"kumarayush","1993-02-05","kumarayush@cse.iitb.ac.in");
insert into buyers values("kumarayush","kumarayush",18.5,73.5,"kumarayush","1993-02-05","kumarayush@cse.iitb.ac.in");
insert into vendors values("kumarayush","kumarayush",18.5,73.5,"kumarayush","1993-02-05","kumarayush@cse.iitb.ac.in",4.5);
insert into buyervendors values("kumarayush","kumarayush",18.5,73.5,"kumarayush","1993-02-05","kumarayush@cse.iitb.ac.in",4.5);
insert into users values("lahoti","lahoti",18.6,73.6,"lahoti","1993-02-06","lahoti@cse.iitb.ac.in");
insert into buyers values("lahoti","lahoti",18.6,73.6,"lahoti","1993-02-06","lahoti@cse.iitb.ac.in");
insert into vendors values("lahoti","lahoti",18.6,73.6,"lahoti","1993-02-06","lahoti@cse.iitb.ac.in",4.5);
insert into buyervendors values("lahoti","lahoti",18.6,73.6,"lahoti","1993-02-06","lahoti@cse.iitb.ac.in",4.5);
insert into users values("lell","lell",18.7,73.7,"lell","1993-02-07","lell@cse.iitb.ac.in");
insert into buyers values("lell","lell",18.7,73.7,"lell","1993-02-07","lell@cse.iitb.ac.in");
insert into vendors values("lell","lell",18.7,73.7,"lell","1993-02-07","lell@cse.iitb.ac.in",4.5);
insert into buyervendors values("lell","lell",18.7,73.7,"lell","1993-02-07","lell@cse.iitb.ac.in",4.5);
insert into users values("manku","manku",18.8,73.8,"manku","1993-02-08","manku@cse.iitb.ac.in");
insert into buyers values("manku","manku",18.8,73.8,"manku","1993-02-08","manku@cse.iitb.ac.in");
insert into vendors values("manku","manku",18.8,73.8,"manku","1993-02-08","manku@cse.iitb.ac.in",4.5);
insert into buyervendors values("manku","manku",18.8,73.8,"manku","1993-02-08","manku@cse.iitb.ac.in",4.5);
insert into users values("manojtld","manojtld",18.9,73.9,"manojtld","1993-02-09","manojtld@cse.iitb.ac.in");
insert into buyers values("manojtld","manojtld",18.9,73.9,"manojtld","1993-02-09","manojtld@cse.iitb.ac.in");
insert into vendors values("manojtld","manojtld",18.9,73.9,"manojtld","1993-02-09","manojtld@cse.iitb.ac.in",4.5);
insert into buyervendors values("manojtld","manojtld",18.9,73.9,"manojtld","1993-02-09","manojtld@cse.iitb.ac.in",4.5);
insert into users values("mayankdehgal","mayankdehgal",19,74,"mayankdehgal","1993-02-10","mayankdehgal@cse.iitb.ac.in");
insert into buyers values("mayankdehgal","mayankdehgal",19,74,"mayankdehgal","1993-02-10","mayankdehgal@cse.iitb.ac.in");
insert into vendors values("mayankdehgal","mayankdehgal",19,74,"mayankdehgal","1993-02-10","mayankdehgal@cse.iitb.ac.in",4.5);
insert into buyervendors values("mayankdehgal","mayankdehgal",19,74,"mayankdehgal","1993-02-10","mayankdehgal@cse.iitb.ac.in",4.5);
insert into users values("meghana","meghana",19.1,74.1,"meghana","1993-02-11","meghana@cse.iitb.ac.in");
insert into buyers values("meghana","meghana",19.1,74.1,"meghana","1993-02-11","meghana@cse.iitb.ac.in");
insert into vendors values("meghana","meghana",19.1,74.1,"meghana","1993-02-11","meghana@cse.iitb.ac.in",4.5);
insert into buyervendors values("meghana","meghana",19.1,74.1,"meghana","1993-02-11","meghana@cse.iitb.ac.in",4.5);
insert into users values("mehulgoyal","mehulgoyal",19.2,74.2,"mehulgoyal","1993-02-12","mehulgoyal@cse.iitb.ac.in");
insert into buyers values("mehulgoyal","mehulgoyal",19.2,74.2,"mehulgoyal","1993-02-12","mehulgoyal@cse.iitb.ac.in");
insert into vendors values("mehulgoyal","mehulgoyal",19.2,74.2,"mehulgoyal","1993-02-12","mehulgoyal@cse.iitb.ac.in",4.5);
insert into buyervendors values("mehulgoyal","mehulgoyal",19.2,74.2,"mehulgoyal","1993-02-12","mehulgoyal@cse.iitb.ac.in",4.5);
insert into users values("mohitgupta","mohitgupta",19.3,74.3,"mohitgupta","1993-02-13","mohitgupta@cse.iitb.ac.in");
insert into buyers values("mohitgupta","mohitgupta",19.3,74.3,"mohitgupta","1993-02-13","mohitgupta@cse.iitb.ac.in");
insert into vendors values("mohitgupta","mohitgupta",19.3,74.3,"mohitgupta","1993-02-13","mohitgupta@cse.iitb.ac.in",4.5);
insert into buyervendors values("mohitgupta","mohitgupta",19.3,74.3,"mohitgupta","1993-02-13","mohitgupta@cse.iitb.ac.in",4.5);
insert into users values("mridul","mridul",19.4,74.4,"mridul","1993-02-14","mridul@cse.iitb.ac.in");
insert into buyers values("mridul","mridul",19.4,74.4,"mridul","1993-02-14","mridul@cse.iitb.ac.in");
insert into vendors values("mridul","mridul",19.4,74.4,"mridul","1993-02-14","mridul@cse.iitb.ac.in",4.5);
insert into buyervendors values("mridul","mridul",19.4,74.4,"mridul","1993-02-14","mridul@cse.iitb.ac.in",4.5);
insert into users values("navinchandak","navinchandak",19.5,74.5,"navinchandak","1993-02-15","navinchandak@cse.iitb.ac.in");
insert into buyers values("navinchandak","navinchandak",19.5,74.5,"navinchandak","1993-02-15","navinchandak@cse.iitb.ac.in");
insert into vendors values("navinchandak","navinchandak",19.5,74.5,"navinchandak","1993-02-15","navinchandak@cse.iitb.ac.in",4.5);
insert into buyervendors values("navinchandak","navinchandak",19.5,74.5,"navinchandak","1993-02-15","navinchandak@cse.iitb.ac.in",4.5);
insert into users values("nehal","nehal",19.6,74.6,"nehal","1993-02-16","nehal@cse.iitb.ac.in");
insert into buyers values("nehal","nehal",19.6,74.6,"nehal","1993-02-16","nehal@cse.iitb.ac.in");
insert into vendors values("nehal","nehal",19.6,74.6,"nehal","1993-02-16","nehal@cse.iitb.ac.in",4.5);
insert into buyervendors values("nehal","nehal",19.6,74.6,"nehal","1993-02-16","nehal@cse.iitb.ac.in",4.5);
insert into users values("neo","neo",19.7,74.7,"neo","1993-02-17","neo@cse.iitb.ac.in");
insert into buyers values("neo","neo",19.7,74.7,"neo","1993-02-17","neo@cse.iitb.ac.in");
insert into vendors values("neo","neo",19.7,74.7,"neo","1993-02-17","neo@cse.iitb.ac.in",4.5);
insert into buyervendors values("neo","neo",19.7,74.7,"neo","1993-02-17","neo@cse.iitb.ac.in",4.5);
insert into users values("nileshkulkarni","nileshkulkarni",19.8,74.8,"nileshkulkarni","1993-02-18","nileshkulkarni@cse.iitb.ac.in");
insert into buyers values("nileshkulkarni","nileshkulkarni",19.8,74.8,"nileshkulkarni","1993-02-18","nileshkulkarni@cse.iitb.ac.in");
insert into vendors values("nileshkulkarni","nileshkulkarni",19.8,74.8,"nileshkulkarni","1993-02-18","nileshkulkarni@cse.iitb.ac.in",4.5);
insert into buyervendors values("nileshkulkarni","nileshkulkarni",19.8,74.8,"nileshkulkarni","1993-02-18","nileshkulkarni@cse.iitb.ac.in",4.5);
insert into users values("nishitb","nishitb",19.9,74.9,"nishitb","1993-02-19","nishitb@cse.iitb.ac.in");
insert into buyers values("nishitb","nishitb",19.9,74.9,"nishitb","1993-02-19","nishitb@cse.iitb.ac.in");
insert into vendors values("nishitb","nishitb",19.9,74.9,"nishitb","1993-02-19","nishitb@cse.iitb.ac.in",4.5);
insert into buyervendors values("nishitb","nishitb",19.9,74.9,"nishitb","1993-02-19","nishitb@cse.iitb.ac.in",4.5);
insert into users values("nithinkumar","nithinkumar",20,75,"nithinkumar","1993-02-20","nithinkumar@cse.iitb.ac.in");
insert into buyers values("nithinkumar","nithinkumar",20,75,"nithinkumar","1993-02-20","nithinkumar@cse.iitb.ac.in");
insert into vendors values("nithinkumar","nithinkumar",20,75,"nithinkumar","1993-02-20","nithinkumar@cse.iitb.ac.in",4.5);
insert into buyervendors values("nithinkumar","nithinkumar",20,75,"nithinkumar","1993-02-20","nithinkumar@cse.iitb.ac.in",4.5);
insert into users values("nnori","nnori",20.1,75.1,"nnori","1993-02-21","nnori@cse.iitb.ac.in");
insert into buyers values("nnori","nnori",20.1,75.1,"nnori","1993-02-21","nnori@cse.iitb.ac.in");
insert into vendors values("nnori","nnori",20.1,75.1,"nnori","1993-02-21","nnori@cse.iitb.ac.in",4.5);
insert into buyervendors values("nnori","nnori",20.1,75.1,"nnori","1993-02-21","nnori@cse.iitb.ac.in",4.5);
insert into users values("pratnala","pratnala",20.2,75.2,"pratnala","1993-02-22","pratnala@cse.iitb.ac.in");
insert into buyers values("pratnala","pratnala",20.2,75.2,"pratnala","1993-02-22","pratnala@cse.iitb.ac.in");
insert into vendors values("pratnala","pratnala",20.2,75.2,"pratnala","1993-02-22","pratnala@cse.iitb.ac.in",4.5);
insert into buyervendors values("pratnala","pratnala",20.2,75.2,"pratnala","1993-02-22","pratnala@cse.iitb.ac.in",4.5);
insert into users values("preetham","preetham",20.3,75.3,"preetham","1993-02-23","preetham@cse.iitb.ac.in");
insert into buyers values("preetham","preetham",20.3,75.3,"preetham","1993-02-23","preetham@cse.iitb.ac.in");
insert into vendors values("preetham","preetham",20.3,75.3,"preetham","1993-02-23","preetham@cse.iitb.ac.in",4.5);
insert into buyervendors values("preetham","preetham",20.3,75.3,"preetham","1993-02-23","preetham@cse.iitb.ac.in",4.5);
insert into users values("prithvirajbilla","prithvirajbilla",20.4,75.4,"prithvirajbilla","1993-02-24","prithvirajbilla@cse.iitb.ac.in");
insert into buyers values("prithvirajbilla","prithvirajbilla",20.4,75.4,"prithvirajbilla","1993-02-24","prithvirajbilla@cse.iitb.ac.in");
insert into vendors values("prithvirajbilla","prithvirajbilla",20.4,75.4,"prithvirajbilla","1993-02-24","prithvirajbilla@cse.iitb.ac.in",4.5);
insert into buyervendors values("prithvirajbilla","prithvirajbilla",20.4,75.4,"prithvirajbilla","1993-02-24","prithvirajbilla@cse.iitb.ac.in",4.5);
insert into users values("raghav","raghav",20.5,75.5,"raghav","1993-02-25","raghav@cse.iitb.ac.in");
insert into buyers values("raghav","raghav",20.5,75.5,"raghav","1993-02-25","raghav@cse.iitb.ac.in");
insert into vendors values("raghav","raghav",20.5,75.5,"raghav","1993-02-25","raghav@cse.iitb.ac.in",4.5);
insert into buyervendors values("raghav","raghav",20.5,75.5,"raghav","1993-02-25","raghav@cse.iitb.ac.in",4.5);
insert into users values("rahuls","rahuls",20.6,75.6,"rahuls","1993-02-26","rahuls@cse.iitb.ac.in");
insert into buyers values("rahuls","rahuls",20.6,75.6,"rahuls","1993-02-26","rahuls@cse.iitb.ac.in");
insert into vendors values("rahuls","rahuls",20.6,75.6,"rahuls","1993-02-26","rahuls@cse.iitb.ac.in",4.5);
insert into buyervendors values("rahuls","rahuls",20.6,75.6,"rahuls","1993-02-26","rahuls@cse.iitb.ac.in",4.5);
insert into users values("rajlaxmisahu","rajlaxmisahu",20.7,75.7,"rajlaxmisahu","1993-02-27","rajlaxmisahu@cse.iitb.ac.in");
insert into buyers values("rajlaxmisahu","rajlaxmisahu",20.7,75.7,"rajlaxmisahu","1993-02-27","rajlaxmisahu@cse.iitb.ac.in");
insert into vendors values("rajlaxmisahu","rajlaxmisahu",20.7,75.7,"rajlaxmisahu","1993-02-27","rajlaxmisahu@cse.iitb.ac.in",4.5);
insert into buyervendors values("rajlaxmisahu","rajlaxmisahu",20.7,75.7,"rajlaxmisahu","1993-02-27","rajlaxmisahu@cse.iitb.ac.in",4.5);
insert into users values("reddyvinod","reddyvinod",20.8,75.8,"reddyvinod","1993-02-28","reddyvinod@cse.iitb.ac.in");
insert into buyers values("reddyvinod","reddyvinod",20.8,75.8,"reddyvinod","1993-02-28","reddyvinod@cse.iitb.ac.in");
insert into vendors values("reddyvinod","reddyvinod",20.8,75.8,"reddyvinod","1993-02-28","reddyvinod@cse.iitb.ac.in",4.5);
insert into buyervendors values("reddyvinod","reddyvinod",20.8,75.8,"reddyvinod","1993-02-28","reddyvinod@cse.iitb.ac.in",4.5);
insert into users values("REMOVED","REMOVED",20.9,75.9,"REMOVED","1993-03-01","REMOVED@cse.iitb.ac.in");
insert into buyers values("REMOVED","REMOVED",20.9,75.9,"REMOVED","1993-03-01","REMOVED@cse.iitb.ac.in");
insert into vendors values("REMOVED","REMOVED",20.9,75.9,"REMOVED","1993-03-01","REMOVED@cse.iitb.ac.in",4.5);
insert into buyervendors values("REMOVED","REMOVED",20.9,75.9,"REMOVED","1993-03-01","REMOVED@cse.iitb.ac.in",4.5);
insert into users values("rishiraj","rishiraj",21,76,"rishiraj","1993-03-02","rishiraj@cse.iitb.ac.in");
insert into buyers values("rishiraj","rishiraj",21,76,"rishiraj","1993-03-02","rishiraj@cse.iitb.ac.in");
insert into vendors values("rishiraj","rishiraj",21,76,"rishiraj","1993-03-02","rishiraj@cse.iitb.ac.in",4.5);
insert into buyervendors values("rishiraj","rishiraj",21,76,"rishiraj","1993-03-02","rishiraj@cse.iitb.ac.in",4.5);
insert into users values("rohandas","rohandas",21.1,76.1,"rohandas","1993-03-03","rohandas@cse.iitb.ac.in");
insert into buyers values("rohandas","rohandas",21.1,76.1,"rohandas","1993-03-03","rohandas@cse.iitb.ac.in");
insert into vendors values("rohandas","rohandas",21.1,76.1,"rohandas","1993-03-03","rohandas@cse.iitb.ac.in",4.5);
insert into buyervendors values("rohandas","rohandas",21.1,76.1,"rohandas","1993-03-03","rohandas@cse.iitb.ac.in",4.5);
insert into users values("rohangyani","rohangyani",21.2,76.2,"rohangyani","1993-03-04","rohangyani@cse.iitb.ac.in");
insert into buyers values("rohangyani","rohangyani",21.2,76.2,"rohangyani","1993-03-04","rohangyani@cse.iitb.ac.in");
insert into vendors values("rohangyani","rohangyani",21.2,76.2,"rohangyani","1993-03-04","rohangyani@cse.iitb.ac.in",4.5);
insert into buyervendors values("rohangyani","rohangyani",21.2,76.2,"rohangyani","1993-03-04","rohangyani@cse.iitb.ac.in",4.5);
insert into users values("rohanp","rohanp",21.3,76.3,"rohanp","1993-03-05","rohanp@cse.iitb.ac.in");
insert into buyers values("rohanp","rohanp",21.3,76.3,"rohanp","1993-03-05","rohanp@cse.iitb.ac.in");
insert into vendors values("rohanp","rohanp",21.3,76.3,"rohanp","1993-03-05","rohanp@cse.iitb.ac.in",4.5);
insert into buyervendors values("rohanp","rohanp",21.3,76.3,"rohanp","1993-03-05","rohanp@cse.iitb.ac.in",4.5);
insert into users values("sachinchandra","sachinchandra",21.4,76.4,"sachinchandra","1993-03-06","sachinchandra@cse.iitb.ac.in");
insert into buyers values("sachinchandra","sachinchandra",21.4,76.4,"sachinchandra","1993-03-06","sachinchandra@cse.iitb.ac.in");
insert into vendors values("sachinchandra","sachinchandra",21.4,76.4,"sachinchandra","1993-03-06","sachinchandra@cse.iitb.ac.in",4.5);
insert into buyervendors values("sachinchandra","sachinchandra",21.4,76.4,"sachinchandra","1993-03-06","sachinchandra@cse.iitb.ac.in",4.5);
insert into users values("sagarjha","sagarjha",21.5,76.5,"sagarjha","1993-03-07","sagarjha@cse.iitb.ac.in");
insert into buyers values("sagarjha","sagarjha",21.5,76.5,"sagarjha","1993-03-07","sagarjha@cse.iitb.ac.in");
insert into vendors values("sagarjha","sagarjha",21.5,76.5,"sagarjha","1993-03-07","sagarjha@cse.iitb.ac.in",4.5);
insert into buyervendors values("sagarjha","sagarjha",21.5,76.5,"sagarjha","1993-03-07","sagarjha@cse.iitb.ac.in",4.5);
insert into users values("sahil","sahil",21.6,76.6,"sahil","1993-03-08","sahil@cse.iitb.ac.in");
insert into buyers values("sahil","sahil",21.6,76.6,"sahil","1993-03-08","sahil@cse.iitb.ac.in");
insert into vendors values("sahil","sahil",21.6,76.6,"sahil","1993-03-08","sahil@cse.iitb.ac.in",4.5);
insert into buyervendors values("sahil","sahil",21.6,76.6,"sahil","1993-03-08","sahil@cse.iitb.ac.in",4.5);
insert into users values("saikrishna","saikrishna",21.7,76.7,"saikrishna","1993-03-09","saikrishna@cse.iitb.ac.in");
insert into buyers values("saikrishna","saikrishna",21.7,76.7,"saikrishna","1993-03-09","saikrishna@cse.iitb.ac.in");
insert into vendors values("saikrishna","saikrishna",21.7,76.7,"saikrishna","1993-03-09","saikrishna@cse.iitb.ac.in",4.5);
insert into buyervendors values("saikrishna","saikrishna",21.7,76.7,"saikrishna","1993-03-09","saikrishna@cse.iitb.ac.in",4.5);
insert into users values("sanchitgarg","sanchitgarg",21.8,76.8,"sanchitgarg","1993-03-10","sanchitgarg@cse.iitb.ac.in");
insert into buyers values("sanchitgarg","sanchitgarg",21.8,76.8,"sanchitgarg","1993-03-10","sanchitgarg@cse.iitb.ac.in");
insert into vendors values("sanchitgarg","sanchitgarg",21.8,76.8,"sanchitgarg","1993-03-10","sanchitgarg@cse.iitb.ac.in",4.5);
insert into buyervendors values("sanchitgarg","sanchitgarg",21.8,76.8,"sanchitgarg","1993-03-10","sanchitgarg@cse.iitb.ac.in",4.5);
insert into users values("sheetal","sheetal",21.9,76.9,"sheetal","1993-03-11","sheetal@cse.iitb.ac.in");
insert into buyers values("sheetal","sheetal",21.9,76.9,"sheetal","1993-03-11","sheetal@cse.iitb.ac.in");
insert into vendors values("sheetal","sheetal",21.9,76.9,"sheetal","1993-03-11","sheetal@cse.iitb.ac.in",4.5);
insert into buyervendors values("sheetal","sheetal",21.9,76.9,"sheetal","1993-03-11","sheetal@cse.iitb.ac.in",4.5);
insert into users values("shirishkumar","shirishkumar",22,77,"shirishkumar","1993-03-12","shirishkumar@cse.iitb.ac.in");
insert into buyers values("shirishkumar","shirishkumar",22,77,"shirishkumar","1993-03-12","shirishkumar@cse.iitb.ac.in");
insert into vendors values("shirishkumar","shirishkumar",22,77,"shirishkumar","1993-03-12","shirishkumar@cse.iitb.ac.in",4.5);
insert into buyervendors values("shirishkumar","shirishkumar",22,77,"shirishkumar","1993-03-12","shirishkumar@cse.iitb.ac.in",4.5);
insert into users values("shital","shital",22.1,77.1,"shital","1993-03-13","shital@cse.iitb.ac.in");
insert into buyers values("shital","shital",22.1,77.1,"shital","1993-03-13","shital@cse.iitb.ac.in");
insert into vendors values("shital","shital",22.1,77.1,"shital","1993-03-13","shital@cse.iitb.ac.in",4.5);
insert into buyervendors values("shital","shital",22.1,77.1,"shital","1993-03-13","shital@cse.iitb.ac.in",4.5);
insert into users values("shivamh","shivamh",22.2,77.2,"shivamh","1993-03-14","shivamh@cse.iitb.ac.in");
insert into buyers values("shivamh","shivamh",22.2,77.2,"shivamh","1993-03-14","shivamh@cse.iitb.ac.in");
insert into vendors values("shivamh","shivamh",22.2,77.2,"shivamh","1993-03-14","shivamh@cse.iitb.ac.in",4.5);
insert into buyervendors values("shivamh","shivamh",22.2,77.2,"shivamh","1993-03-14","shivamh@cse.iitb.ac.in",4.5);
insert into users values("shubham","shubham",22.3,77.3,"shubham","1993-03-15","shubham@cse.iitb.ac.in");
insert into buyers values("shubham","shubham",22.3,77.3,"shubham","1993-03-15","shubham@cse.iitb.ac.in");
insert into vendors values("shubham","shubham",22.3,77.3,"shubham","1993-03-15","shubham@cse.iitb.ac.in",4.5);
insert into buyervendors values("shubham","shubham",22.3,77.3,"shubham","1993-03-15","shubham@cse.iitb.ac.in",4.5);
insert into users values("sid","sid",22.4,77.4,"sid","1993-03-16","sid@cse.iitb.ac.in");
insert into buyers values("sid","sid",22.4,77.4,"sid","1993-03-16","sid@cse.iitb.ac.in");
insert into vendors values("sid","sid",22.4,77.4,"sid","1993-03-16","sid@cse.iitb.ac.in",4.5);
insert into buyervendors values("sid","sid",22.4,77.4,"sid","1993-03-16","sid@cse.iitb.ac.in",4.5);
insert into users values("sraviroshan","sraviroshan",22.5,77.5,"sraviroshan","1993-03-17","sraviroshan@cse.iitb.ac.in");
insert into buyers values("sraviroshan","sraviroshan",22.5,77.5,"sraviroshan","1993-03-17","sraviroshan@cse.iitb.ac.in");
insert into vendors values("sraviroshan","sraviroshan",22.5,77.5,"sraviroshan","1993-03-17","sraviroshan@cse.iitb.ac.in",4.5);
insert into buyervendors values("sraviroshan","sraviroshan",22.5,77.5,"sraviroshan","1993-03-17","sraviroshan@cse.iitb.ac.in",4.5);
insert into users values("sriraj","sriraj",22.6,77.6,"sriraj","1993-03-18","sriraj@cse.iitb.ac.in");
insert into buyers values("sriraj","sriraj",22.6,77.6,"sriraj","1993-03-18","sriraj@cse.iitb.ac.in");
insert into vendors values("sriraj","sriraj",22.6,77.6,"sriraj","1993-03-18","sriraj@cse.iitb.ac.in",4.5);
insert into buyervendors values("sriraj","sriraj",22.6,77.6,"sriraj","1993-03-18","sriraj@cse.iitb.ac.in",4.5);
insert into users values("sskausik","sskausik",22.7,77.7,"sskausik","1993-03-19","sskausik@cse.iitb.ac.in");
insert into buyers values("sskausik","sskausik",22.7,77.7,"sskausik","1993-03-19","sskausik@cse.iitb.ac.in");
insert into vendors values("sskausik","sskausik",22.7,77.7,"sskausik","1993-03-19","sskausik@cse.iitb.ac.in",4.5);
insert into buyervendors values("sskausik","sskausik",22.7,77.7,"sskausik","1993-03-19","sskausik@cse.iitb.ac.in",4.5);
insert into users values("sudipto","sudipto",22.8,77.8,"sudipto","1993-03-20","sudipto@cse.iitb.ac.in");
insert into buyers values("sudipto","sudipto",22.8,77.8,"sudipto","1993-03-20","sudipto@cse.iitb.ac.in");
insert into vendors values("sudipto","sudipto",22.8,77.8,"sudipto","1993-03-20","sudipto@cse.iitb.ac.in",4.5);
insert into buyervendors values("sudipto","sudipto",22.8,77.8,"sudipto","1993-03-20","sudipto@cse.iitb.ac.in",4.5);
insert into users values("sushanthiray","sushanthiray",22.9,77.9,"sushanthiray","1993-03-21","sushanthiray@cse.iitb.ac.in");
insert into buyers values("sushanthiray","sushanthiray",22.9,77.9,"sushanthiray","1993-03-21","sushanthiray@cse.iitb.ac.in");
insert into vendors values("sushanthiray","sushanthiray",22.9,77.9,"sushanthiray","1993-03-21","sushanthiray@cse.iitb.ac.in",4.5);
insert into buyervendors values("sushanthiray","sushanthiray",22.9,77.9,"sushanthiray","1993-03-21","sushanthiray@cse.iitb.ac.in",4.5);
insert into users values("svpraneethnaidu","svpraneethnaidu",23,78,"svpraneethnaidu","1993-03-22","svpraneethnaidu@cse.iitb.ac.in");
insert into buyers values("svpraneethnaidu","svpraneethnaidu",23,78,"svpraneethnaidu","1993-03-22","svpraneethnaidu@cse.iitb.ac.in");
insert into vendors values("svpraneethnaidu","svpraneethnaidu",23,78,"svpraneethnaidu","1993-03-22","svpraneethnaidu@cse.iitb.ac.in",4.5);
insert into buyervendors values("svpraneethnaidu","svpraneethnaidu",23,78,"svpraneethnaidu","1993-03-22","svpraneethnaidu@cse.iitb.ac.in",4.5);
insert into users values("tanmayr","tanmayr",23.1,78.1,"tanmayr","1993-03-23","tanmayr@cse.iitb.ac.in");
insert into buyers values("tanmayr","tanmayr",23.1,78.1,"tanmayr","1993-03-23","tanmayr@cse.iitb.ac.in");
insert into vendors values("tanmayr","tanmayr",23.1,78.1,"tanmayr","1993-03-23","tanmayr@cse.iitb.ac.in",4.5);
insert into buyervendors values("tanmayr","tanmayr",23.1,78.1,"tanmayr","1993-03-23","tanmayr@cse.iitb.ac.in",4.5);
insert into users values("tarunkathuria","tarunkathuria",23.2,78.2,"tarunkathuria","1993-03-24","tarunkathuria@cse.iitb.ac.in");
insert into buyers values("tarunkathuria","tarunkathuria",23.2,78.2,"tarunkathuria","1993-03-24","tarunkathuria@cse.iitb.ac.in");
insert into vendors values("tarunkathuria","tarunkathuria",23.2,78.2,"tarunkathuria","1993-03-24","tarunkathuria@cse.iitb.ac.in",4.5);
insert into buyervendors values("tarunkathuria","tarunkathuria",23.2,78.2,"tarunkathuria","1993-03-24","tarunkathuria@cse.iitb.ac.in",4.5);
insert into users values("tarunraj","tarunraj",23.3,78.3,"tarunraj","1993-03-25","tarunraj@cse.iitb.ac.in");
insert into buyers values("tarunraj","tarunraj",23.3,78.3,"tarunraj","1993-03-25","tarunraj@cse.iitb.ac.in");
insert into vendors values("tarunraj","tarunraj",23.3,78.3,"tarunraj","1993-03-25","tarunraj@cse.iitb.ac.in",4.5);
insert into buyervendors values("tarunraj","tarunraj",23.3,78.3,"tarunraj","1993-03-25","tarunraj@cse.iitb.ac.in",4.5);
insert into users values("tejasriram","tejasriram",23.4,78.4,"tejasriram","1993-03-26","tejasriram@cse.iitb.ac.in");
insert into buyers values("tejasriram","tejasriram",23.4,78.4,"tejasriram","1993-03-26","tejasriram@cse.iitb.ac.in");
insert into vendors values("tejasriram","tejasriram",23.4,78.4,"tejasriram","1993-03-26","tejasriram@cse.iitb.ac.in",4.5);
insert into buyervendors values("tejasriram","tejasriram",23.4,78.4,"tejasriram","1993-03-26","tejasriram@cse.iitb.ac.in",4.5);
insert into users values("tpk","tpk",23.5,78.5,"tpk","1993-03-27","tpk@cse.iitb.ac.in");
insert into buyers values("tpk","tpk",23.5,78.5,"tpk","1993-03-27","tpk@cse.iitb.ac.in");
insert into vendors values("tpk","tpk",23.5,78.5,"tpk","1993-03-27","tpk@cse.iitb.ac.in",4.5);
insert into buyervendors values("tpk","tpk",23.5,78.5,"tpk","1993-03-27","tpk@cse.iitb.ac.in",4.5);
insert into users values("vamsii","vamsii",23.6,78.6,"vamsii","1993-03-28","vamsii@cse.iitb.ac.in");
insert into buyers values("vamsii","vamsii",23.6,78.6,"vamsii","1993-03-28","vamsii@cse.iitb.ac.in");
insert into vendors values("vamsii","vamsii",23.6,78.6,"vamsii","1993-03-28","vamsii@cse.iitb.ac.in",4.5);
insert into buyervendors values("vamsii","vamsii",23.6,78.6,"vamsii","1993-03-28","vamsii@cse.iitb.ac.in",4.5);
insert into users values("venkateshn","venkateshn",23.7,78.7,"venkateshn","1993-03-29","venkateshn@cse.iitb.ac.in");
insert into buyers values("venkateshn","venkateshn",23.7,78.7,"venkateshn","1993-03-29","venkateshn@cse.iitb.ac.in");
insert into vendors values("venkateshn","venkateshn",23.7,78.7,"venkateshn","1993-03-29","venkateshn@cse.iitb.ac.in",4.5);
insert into buyervendors values("venkateshn","venkateshn",23.7,78.7,"venkateshn","1993-03-29","venkateshn@cse.iitb.ac.in",4.5);
insert into users values("vibhornaruto","vibhornaruto",23.8,78.8,"vibhornaruto","1993-03-30","vibhornaruto@cse.iitb.ac.in");
insert into buyers values("vibhornaruto","vibhornaruto",23.8,78.8,"vibhornaruto","1993-03-30","vibhornaruto@cse.iitb.ac.in");
insert into vendors values("vibhornaruto","vibhornaruto",23.8,78.8,"vibhornaruto","1993-03-30","vibhornaruto@cse.iitb.ac.in",4.5);
insert into buyervendors values("vibhornaruto","vibhornaruto",23.8,78.8,"vibhornaruto","1993-03-30","vibhornaruto@cse.iitb.ac.in",4.5);
insert into users values("vikash","vikash",23.9,78.9,"vikash","1993-03-31","vikash@cse.iitb.ac.in");
insert into buyers values("vikash","vikash",23.9,78.9,"vikash","1993-03-31","vikash@cse.iitb.ac.in");
insert into vendors values("vikash","vikash",23.9,78.9,"vikash","1993-03-31","vikash@cse.iitb.ac.in",4.5);
insert into buyervendors values("vikash","vikash",23.9,78.9,"vikash","1993-03-31","vikash@cse.iitb.ac.in",4.5);
insert into users values("vipulharsh","vipulharsh",24,79,"vipulharsh","1993-04-01","vipulharsh@cse.iitb.ac.in");
insert into buyers values("vipulharsh","vipulharsh",24,79,"vipulharsh","1993-04-01","vipulharsh@cse.iitb.ac.in");
insert into vendors values("vipulharsh","vipulharsh",24,79,"vipulharsh","1993-04-01","vipulharsh@cse.iitb.ac.in",4.5);
insert into buyervendors values("vipulharsh","vipulharsh",24,79,"vipulharsh","1993-04-01","vipulharsh@cse.iitb.ac.in",4.5);
insert into users values("vipulv","vipulv",24.1,79.1,"vipulv","1993-04-02","vipulv@cse.iitb.ac.in");
insert into buyers values("vipulv","vipulv",24.1,79.1,"vipulv","1993-04-02","vipulv@cse.iitb.ac.in");
insert into vendors values("vipulv","vipulv",24.1,79.1,"vipulv","1993-04-02","vipulv@cse.iitb.ac.in",4.5);
insert into buyervendors values("vipulv","vipulv",24.1,79.1,"vipulv","1993-04-02","vipulv@cse.iitb.ac.in",4.5);
insert into users values("vivekatulkar","vivekatulkar",24.2,79.2,"vivekatulkar","1993-04-03","vivekatulkar@cse.iitb.ac.in");
insert into buyers values("vivekatulkar","vivekatulkar",24.2,79.2,"vivekatulkar","1993-04-03","vivekatulkar@cse.iitb.ac.in");
insert into vendors values("vivekatulkar","vivekatulkar",24.2,79.2,"vivekatulkar","1993-04-03","vivekatulkar@cse.iitb.ac.in",4.5);
insert into buyervendors values("vivekatulkar","vivekatulkar",24.2,79.2,"vivekatulkar","1993-04-03","vivekatulkar@cse.iitb.ac.in",4.5);
insert into users values("vivekcse","vivekcse",24.3,79.3,"vivekcse","1993-04-04","vivekcse@cse.iitb.ac.in");
insert into buyers values("vivekcse","vivekcse",24.3,79.3,"vivekcse","1993-04-04","vivekcse@cse.iitb.ac.in");
insert into vendors values("vivekcse","vivekcse",24.3,79.3,"vivekcse","1993-04-04","vivekcse@cse.iitb.ac.in",4.5);
insert into buyervendors values("vivekcse","vivekcse",24.3,79.3,"vivekcse","1993-04-04","vivekcse@cse.iitb.ac.in",4.5);
insert into users values("vrd","vrd",24.4,79.4,"vrd","1993-04-05","vrd@cse.iitb.ac.in");
insert into buyers values("vrd","vrd",24.4,79.4,"vrd","1993-04-05","vrd@cse.iitb.ac.in");
insert into vendors values("vrd","vrd",24.4,79.4,"vrd","1993-04-05","vrd@cse.iitb.ac.in",4.5);
insert into buyervendors values("vrd","vrd",24.4,79.4,"vrd","1993-04-05","vrd@cse.iitb.ac.in",4.5);
insert into users values("vvanirudh","vvanirudh",24.5,79.5,"vvanirudh","1993-04-06","vvanirudh@cse.iitb.ac.in");
insert into buyers values("vvanirudh","vvanirudh",24.5,79.5,"vvanirudh","1993-04-06","vvanirudh@cse.iitb.ac.in");
insert into vendors values("vvanirudh","vvanirudh",24.5,79.5,"vvanirudh","1993-04-06","vvanirudh@cse.iitb.ac.in",4.5);
insert into buyervendors values("vvanirudh","vvanirudh",24.5,79.5,"vvanirudh","1993-04-06","vvanirudh@cse.iitb.ac.in",4.5);
insert into users values("yadavalok","yadavalok",24.6,79.6,"yadavalok","1993-04-07","yadavalok@cse.iitb.ac.in");
insert into buyers values("yadavalok","yadavalok",24.6,79.6,"yadavalok","1993-04-07","yadavalok@cse.iitb.ac.in");
insert into vendors values("yadavalok","yadavalok",24.6,79.6,"yadavalok","1993-04-07","yadavalok@cse.iitb.ac.in",4.5);
insert into buyervendors values("yadavalok","yadavalok",24.6,79.6,"yadavalok","1993-04-07","yadavalok@cse.iitb.ac.in",4.5);
insert into users values("yeshwanth","yeshwanth",24.7,79.7,"yeshwanth","1993-04-08","yeshwanth@cse.iitb.ac.in");
insert into buyers values("yeshwanth","yeshwanth",24.7,79.7,"yeshwanth","1993-04-08","yeshwanth@cse.iitb.ac.in");
insert into vendors values("yeshwanth","yeshwanth",24.7,79.7,"yeshwanth","1993-04-08","yeshwanth@cse.iitb.ac.in",4.5);
insert into buyervendors values("yeshwanth","yeshwanth",24.7,79.7,"yeshwanth","1993-04-08","yeshwanth@cse.iitb.ac.in",4.5);
